Workbook

Sheet Overview
B2: Cold-Room Study: ESP32 Environmental Monitor
B3: Anmol Bhandohal · BSc Electrical Engineering (Co-op), University of Alberta
B5: Question
B6: One room in the house is noticeably colder. Is it (a) less sun, (b) worse insulation / air leaks, or (c) weaker heating?
B8: Status legend
B9: Measured (real data) | C9: Green-tinted cells/sheets: logged by the ESP32 or pulled from Open-Meteo
B10: PENDING | C10: Amber cells: formulas are already wired; paste the new logs and every result and chart updates
B12: Sheets
B13: RoomA_Night1 | C13: 960 one-minute rows, Oct 3–4 2026 (real). Dew point, dT/dt and indoor–outdoor ΔT are Excel formulas.
B14: RoomB_Pending | C14: Same columns, formulas pre-filled for 2,000 rows. Paste Room B logs into columns A–F.
B15: Weather_Hourly | C15: Open-Meteo hourly outdoor temperature, solar radiation and wind for Edmonton (real).
B16: Calibration_Pending | C16: 24 h side-by-side run: offset, spread and PASS/FAIL against ±0.2 °C / ±2 % RH.
B17: Summary | C17: Per-room statistics, heat-loss slope (SLOPE/RSQ) and the Room B / Room A ratio.
B18: Furnace_Cycles | C18: Heating cycles detected from the sign of dT/dt (real): duration, rise, heating rate.
B19: ML_Forecast | C19: 30-min-ahead forecast results, 5-fold time-series cross-validation (real).
B20: Dashboard | C20: Native Excel charts for every sheet above.
B22: Key results (live formulas)
B23: Room A mean temperature, night 1 (°C) | C23: =Summary!C5 -> 18.948906
B24: Furnace cycles detected | C24: =COUNT(Furnace_Cycles!E2:E10) -> 9
B25: Average rise per cycle (°C) | C25: =Furnace_Cycles!E12 -> 0.47522222
B26: Best model MAE vs baseline | C26: =ML_Forecast!D10 -> 0.046908316
B27: Room A thermal time constant τ (h) | C27: =Summary!C13 -> 15.864177
B28: Room B / Room A heat-loss ratio | C28: =Summary!E12 -> PENDING

Sheet Summary
B2: Room comparison
B4: Metric | C4: Room A (measured) | D4: Room B (pending) | E4: B vs A
B5: Mean temperature (°C) | C5: =AVERAGE(RoomA_Night1!B2:B961) -> 18.948906 | D5: =IF(COUNT(RoomB_Pending!B2:B2001)=0,"PENDING",IFERROR(AVERAGE(RoomB_Pending!B2:B2001),"PENDING")) -> PENDING | E5: =IFERROR(D5-C5,"PENDING") -> PENDING
B6: Minimum temperature (°C) | C6: =MIN(RoomA_Night1!B2:B961) -> 18.3 | D6: =IF(COUNT(RoomB_Pending!B2:B2001)=0,"PENDING",IFERROR(MIN(RoomB_Pending!B2:B2001),"PENDING")) -> PENDING | E6: =IFERROR(D6-C6,"PENDING") -> PENDING
B7: Maximum temperature (°C) | C7: =MAX(RoomA_Night1!B2:B961) -> 21.035 | D7: =IF(COUNT(RoomB_Pending!B2:B2001)=0,"PENDING",IFERROR(MAX(RoomB_Pending!B2:B2001),"PENDING")) -> PENDING | E7: =IFERROR(D7-C7,"PENDING") -> PENDING
B8: Temperature variability, SD (°C) | C8: =_xlfn.STDEV.S(RoomA_Night1!B2:B961) -> 0.46304338 | D8: =IF(COUNT(RoomB_Pending!B2:B2001)=0,"PENDING",IFERROR(_xlfn.STDEV.S(RoomB_Pending!B2:B2001),"PENDING")) -> PENDING | E8: =IFERROR(D8/C8,"PENDING") -> PENDING
B9: Mean relative humidity (%) | C9: =AVERAGE(RoomA_Night1!C2:C961) -> 53.048056 | D9: =IF(COUNT(RoomB_Pending!B2:B2001)=0,"PENDING",IFERROR(AVERAGE(RoomB_Pending!C2:C2001),"PENDING")) -> PENDING | E9: =IFERROR(D9-C9,"PENDING") -> PENDING
B10: Mean dew point (°C) | C10: =AVERAGE(RoomA_Night1!G2:G961) -> 9.1564281 | D10: =IF(COUNT(RoomB_Pending!B2:B2001)=0,"PENDING",IFERROR(AVERAGE(RoomB_Pending!G2:G2001),"PENDING")) -> PENDING | E10: =IFERROR(D10-C10,"PENDING") -> PENDING
B11: Mean indoor − outdoor ΔT (°C) | C11: =AVERAGE(RoomA_Night1!I2:I961) -> 11.954589 | D11: =IF(COUNT(RoomB_Pending!B2:B2001)=0,"PENDING",IFERROR(AVERAGE(RoomB_Pending!I2:I2001),"PENDING")) -> PENDING | E11: =IFERROR(D11-C11,"PENDING") -> PENDING
B12: Cooling rate per °C of ΔT, furnace off (1/h) | C12: =-SUMPRODUCT(RoomA_Night1!K2:K961,RoomA_Night1!L2:L961)/SUMSQ(RoomA_Night1!K2:K961) -> 0.0630351 | D12: =IF(COUNT(RoomB_Pending!B2:B2001)=0,"PENDING",IFERROR(-SUMPRODUCT(RoomB_Pending!K2:K2001,RoomB_Pending!L2:L2001)/SUMSQ(RoomB_Pending!K2:K2001),"PENDING")) -> PENDING | E12: =IFERROR(D12/C12,"PENDING") -> PENDING
B13: Thermal time constant τ = 1 / rate (h) | C13: =SUMSQ(RoomA_Night1!K2:K961)/-SUMPRODUCT(RoomA_Night1!K2:K961,RoomA_Night1!L2:L961) -> 15.864177 | D13: =IF(COUNT(RoomB_Pending!B2:B2001)=0,"PENDING",IFERROR(SUMSQ(RoomB_Pending!K2:K2001)/-SUMPRODUCT(RoomB_Pending!K2:K2001,RoomB_Pending!L2:L2001),"PENDING")) -> PENDING | E13: =IFERROR(D13/C13,"PENDING") -> PENDING
B14: Share of time heating (%) | C14: =COUNTIF(RoomA_Night1!J2:J961,"Heating")/COUNTA(RoomA_Night1!B2:B961)*100 -> 10.208333 | D14: =IF(COUNT(RoomB_Pending!B2:B2001)=0,"PENDING",IFERROR(COUNTIF(RoomB_Pending!J2:J2001,"Heating")/COUNTA(RoomB_Pending!B2:B2001)*100,"PENDING")) -> PENDING | E14: =IFERROR(D14-C14,"PENDING") -> PENDING
B15: Logged minutes | C15: =COUNT(RoomA_Night1!B2:B961) -> 960 | D15: =IF(COUNT(RoomB_Pending!B2:B2001)=0,"PENDING",IFERROR(COUNT(RoomB_Pending!B2:B2001),"PENDING")) -> PENDING
B17: How to read it
B18: • Heat-loss rate: while the furnace is off, a room cools at a rate proportional to the indoor–outdoor gap (dT/dt = −ΔT/τ). A higher rate (smaller τ) in Room B means it leaks more heat per degree → envelope (insulation / air leaks).
B19: • Repeat at night only (solar = 0) to rule out the sun; if the gap remains, it isn't the windows' orientation.
B20: • τ is estimated two ways: here, a through-origin fit of dT/dt = −ΔT/τ on furnace-off minutes; and in Python, a full RC least-squares fit with furnace and solar terms (night 1: 23.9 h). Post-furnace minutes also include warm air mixing out of the room, so the Excel estimate reads low; comparing rooms with the SAME method is what matters.
B21: • Room A night-1 values are real. Night 1 alone is too short for conclusions; the comparison needs 2–3 weeks of both rooms.

Sheet Dashboard
B1: Dashboard

Sheet RoomA_Night1
A1: Time | B1: Temp (°C) | C1: RH (%) | D1: Pressure (hPa) | E1: Outdoor (°C) | F1: Solar (W/m²) | G1: Dew point (°C) | H1: dT/dt (°C/h) | I1: Indoor − outdoor ΔT (°C) | J1: Phase | K1: ΔT, cooling only | L1: dT/dt, cooling only | N1: chart x (ΔT, cooling) | O1: chart y (dT/dt, cooling)
A2: 46298.977 | B2: 21.035 | C2: 40.125 | D2: 943.27 | E2: 6.155 | F2: 0 | G2: =243.04*(LN(C2/100)+17.625*B2/(243.04+B2))/(17.625-LN(C2/100)-17.625*B2/(243.04+B2)) -> 6.9611065 | I2: =B2-E2 -> 14.88 | J2: =IF(H2="","",IF(H2>0.6,"Heating",IF(H2<-0.2,"Cooling","Steady"))) | K2: =IF(J2="Cooling",I2,"") | L2: =IF(J2="Cooling",H2,"") | N2: =IF(K2="",NA(),K2) -> #N/A | O2: =IF(L2="",NA(),L2) -> #N/A
A3: 46298.978 | B3: 20.907 | C3: 40.018 | D3: 943.302 | E3: 6.12 | F3: 0 | G3: =243.04*(LN(C3/100)+17.625*B3/(243.04+B3))/(17.625-LN(C3/100)-17.625*B3/(243.04+B3)) -> 6.8074647 | I3: =B3-E3 -> 14.787 | J3: =IF(H3="","",IF(H3>0.6,"Heating",IF(H3<-0.2,"Cooling","Steady"))) | K3: =IF(J3="Cooling",I3,"") | L3: =IF(J3="Cooling",H3,"") | N3: =IF(K3="",NA(),K3) -> #N/A | O3: =IF(L3="",NA(),L3) -> #N/A
A4: 46298.978 | B4: 20.997 | C4: 39.952 | D4: 943.283 | E4: 6.085 | F4: 0 | G4: =243.04*(LN(C4/100)+17.625*B4/(243.04+B4))/(17.625-LN(C4/100)-17.625*B4/(243.04+B4)) -> 6.8640375 | H4: =(B6-B2)/4*60 -> -5.91 | I4: =B4-E4 -> 14.912 | J4: =IF(H4="","",IF(H4>0.6,"Heating",IF(H4<-0.2,"Cooling","Steady"))) -> Cooling | K4: =IF(J4="Cooling",I4,"") -> 14.912 | L4: =IF(J4="Cooling",H4,"") -> -5.91 | N4: =IF(K4="",NA(),K4) -> 14.912 | O4: =IF(L4="",NA(),L4) -> -5.91
A5: 46298.979 | B5: 21 | C5: 39.6 | D5: 943.29 | E5: 6.05 | F5: 0 | G5: =243.04*(LN(C5/100)+17.625*B5/(243.04+B5))/(17.625-LN(C5/100)-17.625*B5/(243.04+B5)) -> 6.7377666 | H5: =(B7-B3)/4*60 -> -9.36 | I5: =B5-E5 -> 14.95 | J5: =IF(H5="","",IF(H5>0.6,"Heating",IF(H5<-0.2,"Cooling","Steady"))) -> Cooling | K5: =IF(J5="Cooling",I5,"") -> 14.95 | L5: =IF(J5="Cooling",H5,"") -> -9.36 | N5: =IF(K5="",NA(),K5) -> 14.95 | O5: =IF(L5="",NA(),L5) -> -9.36
A6: 46298.98 | B6: 20.641 | C6: 40.641 | D6: 943.317 | E6: 6.015 | F6: 0 | G6: =243.04*(LN(C6/100)+17.625*B6/(243.04+B6))/(17.625-LN(C6/100)-17.625*B6/(243.04+B6)) -> 6.7940059 | H6: =(B8-B4)/4*60 -> -6.93 | I6: =B6-E6 -> 14.626 | J6: =IF(H6="","",IF(H6>0.6,"Heating",IF(H6<-0.2,"Cooling","Steady"))) -> Cooling | K6: =IF(J6="Cooling",I6,"") -> 14.626 | L6: =IF(J6="Cooling",H6,"") -> -6.93 | N6: =IF(K6="",NA(),K6) -> 14.626 | O6: =IF(L6="",NA(),L6) -> -6.93
A7: 46298.981 | B7: 20.283 | C7: 41.683 | D7: 943.344 | E7: 5.98 | F7: 0 | G7: =243.04*(LN(C7/100)+17.625*B7/(243.04+B7))/(17.625-LN(C7/100)-17.625*B7/(243.04+B7)) -> 6.8410754 | H7: =(B9-B5)/4*60 -> -9.9 | I7: =B7-E7 -> 14.303 | J7: =IF(H7="","",IF(H7>0.6,"Heating",IF(H7<-0.2,"Cooling","Steady"))) -> Cooling | K7: =IF(J7="Cooling",I7,"") -> 14.303 | L7: =IF(J7="Cooling",H7,"") -> -9.9 | N7: =IF(K7="",NA(),K7) -> 14.303 | O7: =IF(L7="",NA(),L7) -> -9.9
A8: 46298.981 | B8: 20.535 | C8: 44.407 | D8: 943.355 | E8: 5.945 | F8: 0 | G8: =243.04*(LN(C8/100)+17.625*B8/(243.04+B8))/(17.625-LN(C8/100)-17.625*B8/(243.04+B8)) -> 7.9958604 | H8: =(B10-B6)/4*60 -> -12.21 | I8: =B8-E8 -> 14.59 | J8: =IF(H8="","",IF(H8>0.6,"Heating",IF(H8<-0.2,"Cooling","Steady"))) -> Cooling | K8: =IF(J8="Cooling",I8,"") -> 14.59 | L8: =IF(J8="Cooling",H8,"") -> -12.21 | N8: =IF(K8="",NA(),K8) -> 14.59 | O8: =IF(L8="",NA(),L8) -> -12.21
A9: 46298.982 | B9: 20.34 | C9: 43.228 | D9: 943.385 | E9: 5.91 | F9: 0 | G9: =243.04*(LN(C9/100)+17.625*B9/(243.04+B9))/(17.625-LN(C9/100)-17.625*B9/(243.04+B9)) -> 7.424272 | H9: =(B11-B7)/4*60 -> -10.29 | I9: =B9-E9 -> 14.43 | J9: =IF(H9="","",IF(H9>0.6,"Heating",IF(H9<-0.2,"Cooling","Steady"))) -> Cooling | K9: =IF(J9="Cooling",I9,"") -> 14.43 | L9: =IF(J9="Cooling",H9,"") -> -10.29 | N9: =IF(K9="",NA(),K9) -> 14.43 | O9: =IF(L9="",NA(),L9) -> -10.29
A10: 46298.983 | B10: 19.827 | C10: 42.23 | D10: 943.38 | E10: 5.875 | F10: 0 | G10: =243.04*(LN(C10/100)+17.625*B10/(243.04+B10))/(17.625-LN(C10/100)-17.625*B10/(243.04+B10)) -> 6.6199697 | H10: =(B12-B8)/4*60 -> -16.77 | I10: =B10-E10 -> 13.952 | J10: =IF(H10="","",IF(H10>0.6,"Heating",IF(H10<-0.2,"Cooling","Steady"))) -> Cooling | K10: =IF(J10="Cooling",I10,"") -> 13.952 | L10: =IF(J10="Cooling",H10,"") -> -16.77 | N10: =IF(K10="",NA(),K10) -> 13.952 | O10: =IF(L10="",NA(),L10) -> -16.77
A11: 46298.983 | B11: 19.597 | C11: 42.843 | D11: 943.38 | E11: 5.84 | F11: 0 | G11: =243.04*(LN(C11/100)+17.625*B11/(243.04+B11))/(17.625-LN(C11/100)-17.625*B11/(243.04+B11)) -> 6.6220183 | H11: =(B13-B9)/4*60 -> -14.88 | I11: =B11-E11 -> 13.757 | J11: =IF(H11="","",IF(H11>0.6,"Heating",IF(H11<-0.2,"Cooling","Steady"))) -> Cooling | K11: =IF(J11="Cooling",I11,"") -> 13.757 | L11: =IF(J11="Cooling",H11,"") -> -14.88 | N11: =IF(K11="",NA(),K11) -> 13.757 | O11: =IF(L11="",NA(),L11) -> -14.88
A12: 46298.984 | B12: 19.417 | C12: 43.407 | D12: 943.343 | E12: 5.805 | F12: 0 | G12: =243.04*(LN(C12/100)+17.625*B12/(243.04+B12))/(17.625-LN(C12/100)-17.625*B12/(243.04+B12)) -> 6.6495622 | H12: =(B14-B10)/4*60 -> -7.335 | I12: =B12-E12 -> 13.612 | J12: =IF(H12="","",IF(H12>0.6,"Heating",IF(H12<-0.2,"Cooling","Steady"))) -> Cooling | K12: =IF(J12="Cooling",I12,"") -> 13.612 | L12: =IF(J12="Cooling",H12,"") -> -7.335 | N12: =IF(K12="",NA(),K12) -> 13.612 | O12: =IF(L12="",NA(),L12) -> -7.335
A13: 46298.985 | B13: 19.348 | C13: 44.338 | D13: 943.358 | E13: 5.77 | F13: 0 | G13: =243.04*(LN(C13/100)+17.625*B13/(243.04+B13))/(17.625-LN(C13/100)-17.625*B13/(243.04+B13)) -> 6.8962032 | H13: =(B15-B11)/4*60 -> -4.35 | I13: =B13-E13 -> 13.578 | J13: =IF(H13="","",IF(H13>0.6,"Heating",IF(H13<-0.2,"Cooling","Steady"))) -> Cooling | K13: =IF(J13="Cooling",I13,"") -> 13.578 | L13: =IF(J13="Cooling",H13,"") -> -4.35 | N13: =IF(K13="",NA(),K13) -> 13.578 | O13: =IF(L13="",NA(),L13) -> -4.35
A14: 46298.985 | B14: 19.338 | C14: 44.715 | D14: 943.35 | E14: 5.735 | F14: 0 | G14: =243.04*(LN(C14/100)+17.625*B14/(243.04+B14))/(17.625-LN(C14/100)-17.625*B14/(243.04+B14)) -> 7.0106562 | H14: =(B16-B12)/4*60 -> -1.41 | I14: =B14-E14 -> 13.603 | J14: =IF(H14="","",IF(H14>0.6,"Heating",IF(H14<-0.2,"Cooling","Steady"))) -> Cooling | K14: =IF(J14="Cooling",I14,"") -> 13.603 | L14: =IF(J14="Cooling",H14,"") -> -1.41 | N14: =IF(K14="",NA(),K14) -> 13.603 | O14: =IF(L14="",NA(),L14) -> -1.41
A15: 46298.986 | B15: 19.307 | C15: 45.058 | D15: 943.343 | E15: 5.7 | F15: 0 | G15: =243.04*(LN(C15/100)+17.625*B15/(243.04+B15))/(17.625-LN(C15/100)-17.625*B15/(243.04+B15)) -> 7.0940649 | H15: =(B17-B13)/4*60 -> 0.15 | I15: =B15-E15 -> 13.607 | J15: =IF(H15="","",IF(H15>0.6,"Heating",IF(H15<-0.2,"Cooling","Steady"))) -> Steady | K15: =IF(J15="Cooling",I15,"") | L15: =IF(J15="Cooling",H15,"") | N15: =IF(K15="",NA(),K15) -> #N/A | O15: =IF(L15="",NA(),L15) -> #N/A
... A959: 46299.642 | B959: 19.898 | C959: 51.822 | D959: 935.032 | E959: 16.84 | F959: 444 | G959: =243.04*(LN(C959/100)+17.625*B959/(243.04+B959))/(17.625-LN(C959/100)-17.625*B959/(243.04+B959)) -> 9.6998715 | H959: =(B961-B957)/4*60 -> 0.45 | I959: =B959-E959 -> 3.058 | J959: =IF(H959="","",IF(H959>0.6,"Heating",IF(H959<-0.2,"Cooling","Steady"))) -> Steady | K959: =IF(J959="Cooling",I959,"") | L959: =IF(J959="Cooling",H959,"") | N959: =IF(K959="",NA(),K959) -> #N/A | O959: =IF(L959="",NA(),L959) -> #N/A
A960: 46299.642 | B960: 19.918 | C960: 52.343 | D960: 935.02 | E960: 16.85 | F960: 443.083 | G960: =243.04*(LN(C960/100)+17.625*B960/(243.04+B960))/(17.625-LN(C960/100)-17.625*B960/(243.04+B960)) -> 9.867633 | I960: =B960-E960 -> 3.068 | J960: =IF(H960="","",IF(H960>0.6,"Heating",IF(H960<-0.2,"Cooling","Steady"))) | K960: =IF(J960="Cooling",I960,"") | L960: =IF(J960="Cooling",H960,"") | N960: =IF(K960="",NA(),K960) -> #N/A | O960: =IF(L960="",NA(),L960) -> #N/A
A961: 46299.643 | B961: 19.928 | C961: 52.074 | D961: 934.98 | E961: 16.86 | F961: 442.167 | G961: =243.04*(LN(C961/100)+17.625*B961/(243.04+B961))/(17.625-LN(C961/100)-17.625*B961/(243.04+B961)) -> 9.7999651 | I961: =B961-E961 -> 3.068 | J961: =IF(H961="","",IF(H961>0.6,"Heating",IF(H961<-0.2,"Cooling","Steady"))) | K961: =IF(J961="Cooling",I961,"") | L961: =IF(J961="Cooling",H961,"") | N961: =IF(K961="",NA(),K961) -> #N/A | O961: =IF(L961="",NA(),L961) -> #N/A

Sheet RoomB_Pending
A1: Time | B1: Temp (°C) | C1: RH (%) | D1: Pressure (hPa) | E1: Outdoor (°C) | F1: Solar (W/m²) | G1: Dew point (°C) | H1: dT/dt (°C/h) | I1: Indoor − outdoor ΔT (°C) | J1: Phase | K1: ΔT, cooling only | L1: dT/dt, cooling only | N1: PENDING: paste Room B logs (1-minute resampled) into A–F. Columns G–J and every Summary / Dashboard item update automatically.
G2: =IF(B2="","",243.04*(LN(C2/100)+17.625*B2/(243.04+B2))/(17.625-LN(C2/100)-17.625*B2/(243.04+B2))) | I2: =IF(B2="","",B2-E2) | J2: =IF(H2="","",IF(H2>0.6,"Heating",IF(H2<-0.2,"Cooling","Steady"))) | K2: =IF(J2="Cooling",I2,"") | L2: =IF(J2="Cooling",H2,"") | P2: =IF(K2="",NA(),K2) -> #N/A | Q2: =IF(L2="",NA(),L2) -> #N/A
G3: =IF(B3="","",243.04*(LN(C3/100)+17.625*B3/(243.04+B3))/(17.625-LN(C3/100)-17.625*B3/(243.04+B3))) | I3: =IF(B3="","",B3-E3) | J3: =IF(H3="","",IF(H3>0.6,"Heating",IF(H3<-0.2,"Cooling","Steady"))) | K3: =IF(J3="Cooling",I3,"") | L3: =IF(J3="Cooling",H3,"") | P3: =IF(K3="",NA(),K3) -> #N/A | Q3: =IF(L3="",NA(),L3) -> #N/A
G4: =IF(B4="","",243.04*(LN(C4/100)+17.625*B4/(243.04+B4))/(17.625-LN(C4/100)-17.625*B4/(243.04+B4))) | H4: =IFERROR(IF(OR(B2="",B6=""),"",(B6-B2)/4*60),"") | I4: =IF(B4="","",B4-E4) | J4: =IF(H4="","",IF(H4>0.6,"Heating",IF(H4<-0.2,"Cooling","Steady"))) | K4: =IF(J4="Cooling",I4,"") | L4: =IF(J4="Cooling",H4,"") | P4: =IF(K4="",NA(),K4) -> #N/A | Q4: =IF(L4="",NA(),L4) -> #N/A
G5: =IF(B5="","",243.04*(LN(C5/100)+17.625*B5/(243.04+B5))/(17.625-LN(C5/100)-17.625*B5/(243.04+B5))) | H5: =IFERROR(IF(OR(B3="",B7=""),"",(B7-B3)/4*60),"") | I5: =IF(B5="","",B5-E5) | J5: =IF(H5="","",IF(H5>0.6,"Heating",IF(H5<-0.2,"Cooling","Steady"))) | K5: =IF(J5="Cooling",I5,"") | L5: =IF(J5="Cooling",H5,"") | P5: =IF(K5="",NA(),K5) -> #N/A | Q5: =IF(L5="",NA(),L5) -> #N/A
G6: =IF(B6="","",243.04*(LN(C6/100)+17.625*B6/(243.04+B6))/(17.625-LN(C6/100)-17.625*B6/(243.04+B6))) | H6: =IFERROR(IF(OR(B4="",B8=""),"",(B8-B4)/4*60),"") | I6: =IF(B6="","",B6-E6) | J6: =IF(H6="","",IF(H6>0.6,"Heating",IF(H6<-0.2,"Cooling","Steady"))) | K6: =IF(J6="Cooling",I6,"") | L6: =IF(J6="Cooling",H6,"") | P6: =IF(K6="",NA(),K6) -> #N/A | Q6: =IF(L6="",NA(),L6) -> #N/A
G7: =IF(B7="","",243.04*(LN(C7/100)+17.625*B7/(243.04+B7))/(17.625-LN(C7/100)-17.625*B7/(243.04+B7))) | H7: =IFERROR(IF(OR(B5="",B9=""),"",(B9-B5)/4*60),"") | I7: =IF(B7="","",B7-E7) | J7: =IF(H7="","",IF(H7>0.6,"Heating",IF(H7<-0.2,"Cooling","Steady"))) | K7: =IF(J7="Cooling",I7,"") | L7: =IF(J7="Cooling",H7,"") | P7: =IF(K7="",NA(),K7) -> #N/A | Q7: =IF(L7="",NA(),L7) -> #N/A
G8: =IF(B8="","",243.04*(LN(C8/100)+17.625*B8/(243.04+B8))/(17.625-LN(C8/100)-17.625*B8/(243.04+B8))) | H8: =IFERROR(IF(OR(B6="",B10=""),"",(B10-B6)/4*60),"") | I8: =IF(B8="","",B8-E8) | J8: =IF(H8="","",IF(H8>0.6,"Heating",IF(H8<-0.2,"Cooling","Steady"))) | K8: =IF(J8="Cooling",I8,"") | L8: =IF(J8="Cooling",H8,"") | P8: =IF(K8="",NA(),K8) -> #N/A | Q8: =IF(L8="",NA(),L8) -> #N/A
G9: =IF(B9="","",243.04*(LN(C9/100)+17.625*B9/(243.04+B9))/(17.625-LN(C9/100)-17.625*B9/(243.04+B9))) | H9: =IFERROR(IF(OR(B7="",B11=""),"",(B11-B7)/4*60),"") | I9: =IF(B9="","",B9-E9) | J9: =IF(H9="","",IF(H9>0.6,"Heating",IF(H9<-0.2,"Cooling","Steady"))) | K9: =IF(J9="Cooling",I9,"") | L9: =IF(J9="Cooling",H9,"") | P9: =IF(K9="",NA(),K9) -> #N/A | Q9: =IF(L9="",NA(),L9) -> #N/A
G10: =IF(B10="","",243.04*(LN(C10/100)+17.625*B10/(243.04+B10))/(17.625-LN(C10/100)-17.625*B10/(243.04+B10))) | H10: =IFERROR(IF(OR(B8="",B12=""),"",(B12-B8)/4*60),"") | I10: =IF(B10="","",B10-E10) | J10: =IF(H10="","",IF(H10>0.6,"Heating",IF(H10<-0.2,"Cooling","Steady"))) | K10: =IF(J10="Cooling",I10,"") | L10: =IF(J10="Cooling",H10,"") | P10: =IF(K10="",NA(),K10) -> #N/A | Q10: =IF(L10="",NA(),L10) -> #N/A
G11: =IF(B11="","",243.04*(LN(C11/100)+17.625*B11/(243.04+B11))/(17.625-LN(C11/100)-17.625*B11/(243.04+B11))) | H11: =IFERROR(IF(OR(B9="",B13=""),"",(B13-B9)/4*60),"") | I11: =IF(B11="","",B11-E11) | J11: =IF(H11="","",IF(H11>0.6,"Heating",IF(H11<-0.2,"Cooling","Steady"))) | K11: =IF(J11="Cooling",I11,"") | L11: =IF(J11="Cooling",H11,"") | P11: =IF(K11="",NA(),K11) -> #N/A | Q11: =IF(L11="",NA(),L11) -> #N/A
G12: =IF(B12="","",243.04*(LN(C12/100)+17.625*B12/(243.04+B12))/(17.625-LN(C12/100)-17.625*B12/(243.04+B12))) | H12: =IFERROR(IF(OR(B10="",B14=""),"",(B14-B10)/4*60),"") | I12: =IF(B12="","",B12-E12) | J12: =IF(H12="","",IF(H12>0.6,"Heating",IF(H12<-0.2,"Cooling","Steady"))) | K12: =IF(J12="Cooling",I12,"") | L12: =IF(J12="Cooling",H12,"") | P12: =IF(K12="",NA(),K12) -> #N/A | Q12: =IF(L12="",NA(),L12) -> #N/A
G13: =IF(B13="","",243.04*(LN(C13/100)+17.625*B13/(243.04+B13))/(17.625-LN(C13/100)-17.625*B13/(243.04+B13))) | H13: =IFERROR(IF(OR(B11="",B15=""),"",(B15-B11)/4*60),"") | I13: =IF(B13="","",B13-E13) | J13: =IF(H13="","",IF(H13>0.6,"Heating",IF(H13<-0.2,"Cooling","Steady"))) | K13: =IF(J13="Cooling",I13,"") | L13: =IF(J13="Cooling",H13,"") | P13: =IF(K13="",NA(),K13) -> #N/A | Q13: =IF(L13="",NA(),L13) -> #N/A
G14: =IF(B14="","",243.04*(LN(C14/100)+17.625*B14/(243.04+B14))/(17.625-LN(C14/100)-17.625*B14/(243.04+B14))) | H14: =IFERROR(IF(OR(B12="",B16=""),"",(B16-B12)/4*60),"") | I14: =IF(B14="","",B14-E14) | J14: =IF(H14="","",IF(H14>0.6,"Heating",IF(H14<-0.2,"Cooling","Steady"))) | K14: =IF(J14="Cooling",I14,"") | L14: =IF(J14="Cooling",H14,"") | P14: =IF(K14="",NA(),K14) -> #N/A | Q14: =IF(L14="",NA(),L14) -> #N/A
G15: =IF(B15="","",243.04*(LN(C15/100)+17.625*B15/(243.04+B15))/(17.625-LN(C15/100)-17.625*B15/(243.04+B15))) | H15: =IFERROR(IF(OR(B13="",B17=""),"",(B17-B13)/4*60),"") | I15: =IF(B15="","",B15-E15) | J15: =IF(H15="","",IF(H15>0.6,"Heating",IF(H15<-0.2,"Cooling","Steady"))) | K15: =IF(J15="Cooling",I15,"") | L15: =IF(J15="Cooling",H15,"") | P15: =IF(K15="",NA(),K15) -> #N/A | Q15: =IF(L15="",NA(),L15) -> #N/A
... G2001: =IF(B2001="","",243.04*(LN(C2001/100)+17.625*B2001/(243.04+B2001))/(17.625-LN(C2001/100)-17.625*B2001/(243.04+B2001))) | H2001: =IFERROR(IF(OR(B1999="",B2003=""),"",(B2003-B1999)/4*60),"") | I2001: =IF(B2001="","",B2001-E2001) | J2001: =IF(H2001="","",IF(H2001>0.6,"Heating",IF(H2001<-0.2,"Cooling","Steady"))) | K2001: =IF(J2001="Cooling",I2001,"") | L2001: =IF(J2001="Cooling",H2001,"") | P2001: =IF(K2001="",NA(),K2001) -> #N/A | Q2001: =IF(L2001="",NA(),L2001) -> #N/A

Sheet Weather_Hourly
A1: Hour | B1: Outdoor temp (°C) | C1: Solar (W/m²) | D1: Wind (km/h)
A2: 46298.958 | B2: 7.1 | C2: 0 | D2: 4.9
A3: 46299 | B3: 5 | C3: 0 | D3: 5
A4: 46299.042 | B4: 4.4 | C4: 0 | D4: 4.9
A5: 46299.083 | B5: 3.9 | C5: 0 | D5: 5.3
A6: 46299.125 | B6: 3.8 | C6: 0 | D6: 6.1
A7: 46299.167 | B7: 3.3 | C7: 0 | D7: 3.7
A8: 46299.208 | B8: 3.2 | C8: 0 | D8: 4.6
A9: 46299.25 | B9: 2.8 | C9: 0 | D9: 5.4
A10: 46299.292 | B10: 2.7 | C10: 0 | D10: 6
A11: 46299.333 | B11: 3 | C11: 2 | D11: 7.3
A12: 46299.375 | B12: 4.7 | C12: 72 | D12: 9.4
A13: 46299.417 | B13: 6.9 | C13: 189 | D13: 10
... A19: 46299.667 | B19: 17.2 | C19: 411 | D19: 14.4

Sheet Calibration_Pending
A1: Time | B1: Board A temp (°C) | C1: Board B temp (°C) | D1: B − A (°C) | E1: Mean of A,B (°C) | F1: Board A RH (%) | G1: Board B RH (%) | H1: B − A RH (%)
D2: =IF(OR(B2="",C2=""),"",C2-B2) | E2: =IF(OR(B2="",C2=""),"",(B2+C2)/2) | H2: =IF(OR(F2="",G2=""),"",G2-F2) | J2: Calibration result
D3: =IF(OR(B3="",C3=""),"",C3-B3) | E3: =IF(OR(B3="",C3=""),"",(B3+C3)/2) | H3: =IF(OR(F3="",G3=""),"",G3-F3) | J3: Temperature offset, mean B−A (°C) | K3: =IFERROR(AVERAGE(D2:D1441),"PENDING") -> PENDING
D4: =IF(OR(B4="",C4=""),"",C4-B4) | E4: =IF(OR(B4="",C4=""),"",(B4+C4)/2) | H4: =IF(OR(F4="",G4=""),"",G4-F4) | J4: Offset spread, SD (°C) | K4: =IFERROR(_xlfn.STDEV.S(D2:D1441),"PENDING") -> PENDING
D5: =IF(OR(B5="",C5=""),"",C5-B5) | E5: =IF(OR(B5="",C5=""),"",(B5+C5)/2) | H5: =IF(OR(F5="",G5=""),"",G5-F5) | J5: Temperature check (±0.2 °C after correction) | K5: =IFERROR(IF(_xlfn.STDEV.S(D2:D1441)*2<=0.2,"PASS","FAIL"),"PENDING") -> PENDING
D6: =IF(OR(B6="",C6=""),"",C6-B6) | E6: =IF(OR(B6="",C6=""),"",(B6+C6)/2) | H6: =IF(OR(F6="",G6=""),"",G6-F6) | J6: RH offset, mean B−A (%) | K6: =IFERROR(AVERAGE(H2:H1441),"PENDING") -> PENDING
D7: =IF(OR(B7="",C7=""),"",C7-B7) | E7: =IF(OR(B7="",C7=""),"",(B7+C7)/2) | H7: =IF(OR(F7="",G7=""),"",G7-F7) | J7: RH check (±2 % after correction) | K7: =IFERROR(IF(_xlfn.STDEV.S(H2:H1441)*2<=2,"PASS","FAIL"),"PENDING") -> PENDING
D8: =IF(OR(B8="",C8=""),"",C8-B8) | E8: =IF(OR(B8="",C8=""),"",(B8+C8)/2) | H8: =IF(OR(F8="",G8=""),"",G8-F8)
D9: =IF(OR(B9="",C9=""),"",C9-B9) | E9: =IF(OR(B9="",C9=""),"",(B9+C9)/2) | H9: =IF(OR(F9="",G9=""),"",G9-F9)
D10: =IF(OR(B10="",C10=""),"",C10-B10) | E10: =IF(OR(B10="",C10=""),"",(B10+C10)/2) | H10: =IF(OR(F10="",G10=""),"",G10-F10)
D11: =IF(OR(B11="",C11=""),"",C11-B11) | E11: =IF(OR(B11="",C11=""),"",(B11+C11)/2) | H11: =IF(OR(F11="",G11=""),"",G11-F11)
D12: =IF(OR(B12="",C12=""),"",C12-B12) | E12: =IF(OR(B12="",C12=""),"",(B12+C12)/2) | H12: =IF(OR(F12="",G12=""),"",G12-F12)
D13: =IF(OR(B13="",C13=""),"",C13-B13) | E13: =IF(OR(B13="",C13=""),"",(B13+C13)/2) | H13: =IF(OR(F13="",G13=""),"",G13-F13)
D14: =IF(OR(B14="",C14=""),"",C14-B14) | E14: =IF(OR(B14="",C14=""),"",(B14+C14)/2) | H14: =IF(OR(F14="",G14=""),"",G14-F14)
D15: =IF(OR(B15="",C15=""),"",C15-B15) | E15: =IF(OR(B15="",C15=""),"",(B15+C15)/2) | H15: =IF(OR(F15="",G15=""),"",G15-F15)
D16: =IF(OR(B16="",C16=""),"",C16-B16) | E16: =IF(OR(B16="",C16=""),"",(B16+C16)/2) | H16: =IF(OR(F16="",G16=""),"",G16-F16)
D17: =IF(OR(B17="",C17=""),"",C17-B17) | E17: =IF(OR(B17="",C17=""),"",(B17+C17)/2) | H17: =IF(OR(F17="",G17=""),"",G17-F17)
D18: =IF(OR(B18="",C18=""),"",C18-B18) | E18: =IF(OR(B18="",C18=""),"",(B18+C18)/2) | H18: =IF(OR(F18="",G18=""),"",G18-F18)
D19: =IF(OR(B19="",C19=""),"",C19-B19) | E19: =IF(OR(B19="",C19=""),"",(B19+C19)/2) | H19: =IF(OR(F19="",G19=""),"",G19-F19)
... D1441: =IF(OR(B1441="",C1441=""),"",C1441-B1441) | E1441: =IF(OR(B1441="",C1441=""),"",(B1441+C1441)/2) | H1441: =IF(OR(F1441="",G1441=""),"",G1441-F1441)

Sheet Furnace_Cycles
A1: Cycle | B1: Start | C1: End | D1: Duration (min) | E1: Rise (°C) | F1: Heating rate (°C/h) | G1: Minutes since previous start
A2: 1 | B2: 46299.138 | C2: 46299.145 | D2: =(C2-B2)*1440 -> 10 | E2: 0.355 | F2: =E2/(D2/60) -> 2.13
A3: 2 | B3: 46299.174 | C3: 46299.18 | D3: =(C3-B3)*1440 -> 9 | E3: 0.313 | F3: =E3/(D3/60) -> 2.0866667 | G3: =(B3-B2)*1440 -> 51
A4: 3 | B4: 46299.205 | C4: 46299.212 | D4: =(C4-B4)*1440 -> 10 | E4: 0.376 | F4: =E4/(D4/60) -> 2.256 | G4: =(B4-B3)*1440 -> 45
A5: 4 | B5: 46299.238 | C5: 46299.244 | D5: =(C5-B5)*1440 -> 10 | E5: 0.424 | F5: =E5/(D5/60) -> 2.544 | G5: =(B5-B4)*1440 -> 47
A6: 5 | B6: 46299.272 | C6: 46299.278 | D6: =(C6-B6)*1440 -> 10 | E6: 0.424 | F6: =E6/(D6/60) -> 2.544 | G6: =(B6-B5)*1440 -> 49
A7: 6 | B7: 46299.303 | C7: 46299.31 | D7: =(C7-B7)*1440 -> 10 | E7: 0.439 | F7: =E7/(D7/60) -> 2.634 | G7: =(B7-B6)*1440 -> 45
A8: 7 | B8: 46299.347 | C8: 46299.354 | D8: =(C8-B8)*1440 -> 11 | E8: 0.493 | F8: =E8/(D8/60) -> 2.6890909 | G8: =(B8-B7)*1440 -> 63
A9: 8 | B9: 46299.383 | C9: 46299.392 | D9: =(C9-B9)*1440 -> 12 | E9: 0.517 | F9: =E9/(D9/60) -> 2.585 | G9: =(B9-B8)*1440 -> 53
A10: 9 | B10: 46299.45 | C10: 46299.52 | D10: =(C10-B10)*1440 -> 101 | E10: 0.936 | F10: =E10/(D10/60) -> 0.5560396 | G10: =(B10-B9)*1440 -> 96
B12: Average | D12: =AVERAGE(D2:D10) -> 20.333333 | E12: =AVERAGE(E2:E10) -> 0.47522222 | F12: =AVERAGE(F2:F10) -> 2.2249775 | G12: =AVERAGE(G2:G10) -> 56.125

Sheet ML_Forecast
A1: Fold | B1: Persistence (°C) | C1: Ridge regression (°C) | D1: Gradient-boosted trees (°C)
A2: 1 | B2: 0.192 | C2: 0.218 | D2: 0.214
A3: 2 | B3: 0.256 | C3: 0.213 | D3: 0.164
A4: 3 | B4: 0.231 | C4: 0.409 | D4: 0.148
A5: 4 | B5: 0.189 | C5: 0.376 | D5: 0.311
A6: 5 | B6: 0.07 | C6: 0.149 | D6: 0.057
A8: Mean MAE | B8: =AVERAGE(B2:B6) -> 0.1876 | C8: =AVERAGE(C2:C6) -> 0.273 | D8: =AVERAGE(D2:D6) -> 0.1788
A9: SD | B9: =_xlfn.STDEV.S(B2:B6) -> 0.071437385 | C9: =_xlfn.STDEV.S(C2:C6) -> 0.11303318 | D9: =_xlfn.STDEV.S(D2:D6) -> 0.093164908
A10: vs baseline | C10: =1-C8/$B$8 -> -0.45522388 | D10: =1-D8/$B$8 -> 0.046908316
A12: Method: 30-minute-ahead room temperature forecast, features = recent temperature dynamics + indoor–outdoor ΔT + solar; scikit-learn; TimeSeriesSplit (5 folds, 30-min gap) so the model never sees the future.
A13: Honest result: with one night of data the best model is only ~4 % better than 'temperature stays the same'. More nights → re-run tools/forecast_cv.py and paste new folds here.
