Workbook

Sheet Overview
B2: Adaptive LED Lamp: Characterization
B3: All values measured on the bench, Sept 27–28 2026 (ESP32 + BH1750, dark room, sensor 12.7 cm on-axis)
B5: Gain (lux per % duty) | C5: =B3_Linearity!I3 -> 2.6019281
B6: Linearity R² | C6: =B3_Linearity!I5 -> 0.99990692
B7: Worst residual (% of full scale) | C7: =B3_Linearity!I6 -> 0.0051455232
B8: Closed loop, 11 lx overshoot (lux) | C8: =T4_ClosedLoop!H5 -> 0.21
B9: Closed loop, 3 lx steady-state error (lux) | C9: =T4_ClosedLoop!I6 -> 0.006
B11: Sheets: B3_Raw (settled-sample flag) → B3_Linearity (AVERAGEIFS, SLOPE/INTERCEPT/RSQ, residuals, charts) → T4_ClosedLoop (step metrics) → Music_Reactive (styles judged against a beat tracker).

Sheet B3_Linearity
A1: Duty (%) | B1: Mean lux | C1: Samples | D1: Predicted (fit) | E1: Residual (lux) | F1: Residual (% of full scale)
A2: 10 | B2: =AVERAGEIFS(B3_Raw!$D$2:$D$114,B3_Raw!$B$2:$B$114,A2,B3_Raw!$E$2:$E$114,1) -> 25.904286 | C2: =COUNTIFS(B3_Raw!$B$2:$B$114,A2,B3_Raw!$E$2:$E$114,1) -> 7 | D2: =$I$3*A2+$I$4 -> 25.827377 | E2: =B2-D2 -> 0.076909091 | F2: =E2/MAX($B$2:$B$11) -> 0.0002949663 | H2: Linear fit (Excel)
A3: 20 | B3: =AVERAGEIFS(B3_Raw!$D$2:$D$114,B3_Raw!$B$2:$B$114,A3,B3_Raw!$E$2:$E$114,1) -> 51.257143 | C3: =COUNTIFS(B3_Raw!$B$2:$B$114,A3,B3_Raw!$E$2:$E$114,1) -> 7 | D3: =$I$3*A3+$I$4 -> 51.846658 | E3: =B3-D3 -> -0.58951515 | F3: =E3/MAX($B$2:$B$11) -> -0.0022609434 | H3: Gain, SLOPE (lux per % duty) | I3: =SLOPE(B2:B11,A2:A11) -> 2.6019281
A4: 30 | B4: =AVERAGEIFS(B3_Raw!$D$2:$D$114,B3_Raw!$B$2:$B$114,A4,B3_Raw!$E$2:$E$114,1) -> 78.33 | C4: =COUNTIFS(B3_Raw!$B$2:$B$114,A4,B3_Raw!$E$2:$E$114,1) -> 7 | D4: =$I$3*A4+$I$4 -> 77.865939 | E4: =B4-D4 -> 0.46406061 | F4: =E4/MAX($B$2:$B$11) -> 0.0017797927 | H4: Offset, INTERCEPT (lux) | I4: =INTERCEPT(B2:B11,A2:A11) -> -0.19190476
A5: 40 | B5: =AVERAGEIFS(B3_Raw!$D$2:$D$114,B3_Raw!$B$2:$B$114,A5,B3_Raw!$E$2:$E$114,1) -> 103.73 | C5: =COUNTIFS(B3_Raw!$B$2:$B$114,A5,B3_Raw!$E$2:$E$114,1) -> 7 | D5: =$I$3*A5+$I$4 -> 103.88522 | E5: =B5-D5 -> -0.15522078 | F5: =E5/MAX($B$2:$B$11) -> -0.00059531192 | H5: Linearity, RSQ | I5: =RSQ(B2:B11,A2:A11) -> 0.99990692
A6: 50 | B6: =AVERAGEIFS(B3_Raw!$D$2:$D$114,B3_Raw!$B$2:$B$114,A6,B3_Raw!$E$2:$E$114,1) -> 130.69857 | C6: =COUNTIFS(B3_Raw!$B$2:$B$114,A6,B3_Raw!$E$2:$E$114,1) -> 7 | D6: =$I$3*A6+$I$4 -> 129.9045 | E6: =B6-D6 -> 0.79406926 | F6: =E6/MAX($B$2:$B$11) -> 0.0030454614 | H6: Worst residual (% FS) | I6: =MAX(ABS(MIN(F2:F11)),MAX(F2:F11)) -> 0.0051455232
A7: 60 | B7: =AVERAGEIFS(B3_Raw!$D$2:$D$114,B3_Raw!$B$2:$B$114,A7,B3_Raw!$E$2:$E$114,1) -> 156.28 | C7: =COUNTIFS(B3_Raw!$B$2:$B$114,A7,B3_Raw!$E$2:$E$114,1) -> 7 | D7: =$I$3*A7+$I$4 -> 155.92378 | E7: =B7-D7 -> 0.35621645 | F7: =E7/MAX($B$2:$B$11) -> 0.0013661824 | H7: Output at 10 % duty (% of full) | I7: =B2/B11 -> 0.09934965
A8: 70 | B8: =AVERAGEIFS(B3_Raw!$D$2:$D$114,B3_Raw!$B$2:$B$114,A8,B3_Raw!$E$2:$E$114,1) -> 180.60143 | C8: =COUNTIFS(B3_Raw!$B$2:$B$114,A8,B3_Raw!$E$2:$E$114,1) -> 7 | D8: =$I$3*A8+$I$4 -> 181.94306 | E8: =B8-D8 -> -1.3416364 | F8: =E8/MAX($B$2:$B$11) -> -0.0051455232
A9: 80 | B9: =AVERAGEIFS(B3_Raw!$D$2:$D$114,B3_Raw!$B$2:$B$114,A9,B3_Raw!$E$2:$E$114,1) -> 208.64143 | C9: =COUNTIFS(B3_Raw!$B$2:$B$114,A9,B3_Raw!$E$2:$E$114,1) -> 7 | D9: =$I$3*A9+$I$4 -> 207.96235 | E9: =B9-D9 -> 0.67908225 | F9: =E9/MAX($B$2:$B$11) -> 0.0026044564
A10: 90 | B10: =AVERAGEIFS(B3_Raw!$D$2:$D$114,B3_Raw!$B$2:$B$114,A10,B3_Raw!$E$2:$E$114,1) -> 232.96 | C10: =COUNTIFS(B3_Raw!$B$2:$B$114,A10,B3_Raw!$E$2:$E$114,1) -> 7 | D10: =$I$3*A10+$I$4 -> 233.98163 | E10: =B10-D10 -> -1.0216277 | F10: =E10/MAX($B$2:$B$11) -> -0.003918207
A11: 100 | B11: =AVERAGEIFS(B3_Raw!$D$2:$D$114,B3_Raw!$B$2:$B$114,A11,B3_Raw!$E$2:$E$114,1) -> 260.73857 | C11: =COUNTIFS(B3_Raw!$B$2:$B$114,A11,B3_Raw!$E$2:$E$114,1) -> 7 | D11: =$I$3*A11+$I$4 -> 260.00091 | E11: =B11-D11 -> 0.73766234 | F11: =E11/MAX($B$2:$B$11) -> 0.0028291263

Sheet B3_Raw
A1: Time (ms) | B1: Duty (%) | C1: Lux (raw) | D1: Lux (ambient removed) | E1: Use? (1 = settled sample)
A2: 2000 | B2: 0 | C2: 0.11 | D2: 0.11 | E2: 0
A3: 2500 | B3: 0 | C3: 0.11 | D3: 0.11 | E3: 1
A4: 3000 | B4: 0 | C4: 0.11 | D4: 0.11 | E4: 1
A5: 3500 | B5: 0 | C5: 0.11 | D5: 0 | E5: 1
A6: 4000 | B6: 0 | C6: 0.11 | D6: 0 | E6: 1
A7: 4500 | B7: 0 | C7: 0.11 | D7: 0 | E7: 1
A8: 5000 | B8: 0 | C8: 0.11 | D8: 0 | E8: 1
A9: 5500 | B9: 0 | C9: 0.11 | D9: 0 | E9: 1
A10: 6000 | B10: 0 | C10: 0.11 | D10: 0 | E10: 1
A11: 6500 | B11: 0 | C11: 0.11 | D11: 0 | E11: 1
A12: 7000 | B12: 0 | C12: 0.11 | D12: 0 | E12: 1
A13: 7500 | B13: 0 | C13: 0.11 | D13: 0 | E13: 1
... A114: 58000 | B114: 0 | C114: 0.11 | D114: 0 | E114: 1

Sheet T4_ClosedLoop
A1: Time (s) | B1: Setpoint (lux) | C1: Measured (lux) | D1: Controller PWM (%) | E1: Error (lux) | G1: Step metrics
A2: 0 | C2: 0 | D2: 0 | E2: =IF(B2="","",C2-B2) | H2: 11 lx step | I2: 3 lx step
A3: 0.5 | C3: 0 | D3: 0 | E3: =IF(B3="","",C3-B3) | G3: Settled value (mean of last 10 samples) | H3: =AVERAGEIFS(C2:C74,B2:B74,11,A2:A74,">=15") -> 10.98 | I3: =AVERAGEIFS(C2:C74,B2:B74,3,A2:A74,">=28") -> 3.006
A4: 1 | C4: 0 | D4: 0 | E4: =IF(B4="","",C4-B4) | G4: Peak (up-step) / trough (down-step), lux | H4: =_xlfn.MAXIFS(C2:C74,B2:B74,11) -> 11.21 | I4: =_xlfn.MINIFS(C2:C74,B2:B74,3) -> 2.83
A5: 1.5 | C5: 0 | D5: 0 | E5: =IF(B5="","",C5-B5) | G5: Overshoot past target (lux) | H5: =H4-11 -> 0.21 | I5: =3-I4 -> 0.17
A6: 3.96 | C6: 8.38 | D6: 60 | E6: =IF(B6="","",C6-B6) | G6: Steady-state error (lux) | H6: =H3-11 -> -0.02 | I6: =I3-3 -> 0.006
A7: 4.46 | B7: 5 | C7: 8.38 | D7: 60 | E7: =IF(B7="","",C7-B7) -> 3.38
A8: 4.96 | B8: 5 | C8: 7.92 | D8: 52.02 | E8: =IF(B8="","",C8-B8) -> 2.92
A9: 5.46 | B9: 5 | C9: 7.02 | D9: 44.77 | E9: =IF(B9="","",C9-B9) -> 2.02
A10: 5.96 | B10: 5 | C10: 6.23 | D10: 39.79 | E10: =IF(B10="","",C10-B10) -> 1.23
A11: 6.46 | B11: 5 | C11: 5.55 | D11: 36.75 | E11: =IF(B11="","",C11-B11) -> 0.55
A12: 6.96 | B12: 11 | C12: 5.21 | D12: 36.45 | E12: =IF(B12="","",C12-B12) -> -5.79
A13: 7.46 | B13: 11 | C13: 5.66 | D13: 44.45 | E13: =IF(B13="","",C13-B13) -> -5.34
A14: 7.96 | B14: 11 | C14: 6.68 | D14: 52.43 | E14: =IF(B14="","",C14-B14) -> -4.32
A15: 8.46 | B15: 11 | C15: 7.58 | D15: 60.45 | E15: =IF(B15="","",C15-B15) -> -3.42
A16: 8.96 | B16: 11 | C16: 8.49 | D16: 68.43 | E16: =IF(B16="","",C16-B16) -> -2.51
A17: 9.46 | B17: 11 | C17: 9.51 | D17: 74.66 | E17: =IF(B17="","",C17-B17) -> -1.49
A18: 9.96 | B18: 11 | C18: 10.3 | D18: 78.34 | E18: =IF(B18="","",C18-B18) -> -0.7
... A74: 37.96 | B74: 3 | C74: 3.06 | D74: 21.49 | E74: =IF(B74="","",C74-B74) -> 0.06

Sheet Music_Reactive
A1: Style | B1: Version | C1: Contrast song 1 | D1: Contrast song 2 | E1: Dark between song 1 (%) | F1: Dark between song 2 (%) | G1: Kicks/beat song 1 | H1: Kicks/beat song 2 | I1: Mean contrast | J1: Mean brightness between beats (%)
A2: pulse | B2: v3 | C2: 0.06 | D2: 0.11 | E2: 31 | F2: 34 | G2: 0.12 | H2: 0.33 | I2: =AVERAGE(C2:D2) -> 0.085 | J2: =AVERAGE(E2:F2) -> 32.5 | L2: v4 mellow vs v3 pulse, contrast on song 2 | M2: =D5/D2 -> 5.8181818
A3: party | B3: v3 | C3: 0.08 | D3: 0.22 | E3: 18 | F3: 24 | G3: 0.12 | H3: 0.33 | I3: =AVERAGE(C3:D3) -> 0.15 | J3: =AVERAGE(E3:F3) -> 21 | L3: Source: led-lamp/tools/judge_session.py (librosa beat tracker as referee). Chosen style highlighted.
A4: smooth | B4: v3 | C4: 0.02 | D4: 0.07 | E4: 49 | F4: 54 | G4: 0.12 | H4: 0.33 | I4: =AVERAGE(C4:D4) -> 0.045 | J4: =AVERAGE(E4:F4) -> 51.5
A5: mellow | B5: v4 | C5: 0.28 | D5: 0.64 | E5: 58 | F5: 58 | G5: 1.02 | H5: 1.35 | I5: =AVERAGE(C5:D5) -> 0.46 | J5: =AVERAGE(E5:F5) -> 58
A6: punch | B6: v4 | C6: 0.32 | D6: 0.82 | E6: 36 | F6: 29 | G6: 1.13 | H6: 1.51 | I6: =AVERAGE(C6:D6) -> 0.57 | J6: =AVERAGE(E6:F6) -> 32.5
A7: punchy | B7: v4 | C7: 0.36 | D7: 0.85 | E7: 28 | F7: 18 | G7: 1.29 | H7: 1.48 | I7: =AVERAGE(C7:D7) -> 0.605 | J7: =AVERAGE(E7:F7) -> 23
